<?xml version="1.0" encoding="UTF-8"?>
<project-private xmlns="http://www.netbeans.org/ns/project-private/1">
    <editor-bookmarks xmlns="http://www.netbeans.org/ns/editor-bookmarks/1"/>
    <editor-bookmarks xmlns="http://www.netbeans.org/ns/editor-bookmarks/2" lastBookmarkId="0"/>
    <open-files xmlns="http://www.netbeans.org/ns/projectui-open-files/2">
        <group>
            <file>file:/home/mayocca/Development/Archivos%20Directos%20-%20EJEMPLO%20POO%20(1)/vuelos/src/principal/VuelosMenu.java</file>
            <file>file:/home/mayocca/Development/Archivos%20Directos%20-%20EJEMPLO%20POO%20(1)/vuelos/src/principal/DestinosMenu.java</file>
            <file>file:/home/mayocca/Development/Archivos%20Directos%20-%20EJEMPLO%20POO%20(1)/vuelos/src/principal/Principal.java</file>
            <file>file:/home/mayocca/Development/Archivos%20Directos%20-%20EJEMPLO%20POO%20(1)/vuelos/src/datos/Destino.java</file>
            <file>file:/home/mayocca/Development/Archivos%20Directos%20-%20EJEMPLO%20POO%20(1)/vuelos/src/datos/Vuelo.java</file>
        </group>
    </open-files>
</project-private>
